{
	"credit": "Created by mullak99",
	"parent": "item/template_boat",
	"elements": [
		{
			"name": "base",
			"from": [-6, 0, 0],
			"to": [22, 3, 16],
			"faces": {
				"north": {"uv": [0.375, 0, 3.875, 0.375], "texture": "#boat"},
				"east": {"uv": [0, 0.375, 0.375, 2.375], "rotation": 90, "texture": "#boat"},
				"south": {"uv": [3.875, 0, 7.375, 0.375], "texture": "#boat"},
				"west": {"uv": [3.875, 0.375, 4.25, 2.375], "rotation": 270, "texture": "#boat"},
				"up": {"uv": [4.25, 0.375, 7.75, 2.375], "texture": "#boat"},
				"down": {"uv": [0.375, 0.375, 3.875, 2.375], "texture": "#boat"}
			}
		},
		{
			"name": "north",
			"from": [-6, 3, -2],
			"to": [22, 9, 0],
			"faces": {
				"north": {"uv": [4, 5.625, 7.5, 6.375], "texture": "#boat"},
				"east": {"uv": [0, 5.625, 0.25, 6.375], "texture": "#boat"},
				"south": {"uv": [0.25, 5.625, 3.75, 6.375], "texture": "#boat"},
				"west": {"uv": [3.75, 5.625, 4, 6.375], "texture": "#boat"},
				"up": {"uv": [0.25, 5.375, 3.75, 5.625], "texture": "#boat"},
				"down": {"uv": [3.75, 5.375, 7.25, 5.625], "texture": "#boat"}
			}
		},
		{
			"name": "east",
			"from": [22, 3, 0],
			"to": [24, 9, 16],
			"faces": {
				"north": {"uv": [0, 3.625, 0.25, 4.375], "texture": "#boat"},
				"east": {"uv": [2.5, 3.625, 4.5, 4.375], "texture": "#boat"},
				"south": {"uv": [2.25, 3.625, 2.5, 4.375], "texture": "#boat"},
				"west": {"uv": [0.25, 3.625, 2.25, 4.375], "texture": "#boat"},
				"up": {"uv": [0.25, 3.375, 2.25, 3.625], "rotation": 90, "texture": "#boat"},
				"down": {"uv": [2.25, 3.375, 4.25, 3.625], "rotation": 90, "texture": "#boat"}
			}
		},
		{
			"name": "south",
			"from": [-6, 3, 16],
			"to": [22, 9, 18],
			"faces": {
				"north": {"uv": [0.25, 4.625, 3.75, 5.375], "texture": "#boat"},
				"east": {"uv": [0, 4.625, 0.25, 5.375], "texture": "#boat"},
				"south": {"uv": [4, 4.625, 7.5, 5.375], "texture": "#boat"},
				"west": {"uv": [3.75, 4.625, 4, 5.375], "texture": "#boat"},
				"up": {"uv": [0.25, 4.375, 3.75, 4.625], "rotation": 180, "texture": "#boat"},
				"down": {"uv": [3.75, 4.375, 7.25, 4.625], "rotation": 180, "texture": "#boat"}
			}
		},
		{
			"name": "west",
			"from": [-8, 3, -1],
			"to": [-6, 9, 17],
			"faces": {
				"north": {"uv": [2.5, 2.625, 2.75, 3.375], "texture": "#boat"},
				"east": {"uv": [0.25, 2.625, 2.5, 3.375], "texture": "#boat"},
				"south": {"uv": [0, 2.625, 0.25, 3.375], "texture": "#boat"},
				"west": {"uv": [2.75, 2.625, 5, 3.375], "texture": "#boat"},
				"up": {"uv": [0.25, 2.375, 2.5, 2.625], "rotation": 270, "texture": "#boat"},
				"down": {"uv": [2.5, 2.375, 4.75, 2.625], "rotation": 90, "texture": "#boat"}
			}
		},
		{
			"name": "arm",
			"from": [11, 3, -8],
			"to": [13, 16, -6],
			"rotation": {"angle": 22.5, "axis": "x", "origin": [11, -2, -8]},
			"faces": {
				"north": {"uv": [10.25, 0, 10.5, 1.625], "texture": "#boat"},
				"east": {"uv": [8.375, 2.25, 10, 2.5], "rotation": 90, "texture": "#boat"},
				"south": {"uv": [10, 0, 10.25, 1.625], "texture": "#boat"},
				"west": {"uv": [10.5, 2.25, 12.125, 2.5], "rotation": 90, "texture": "#boat"},
				"up": {"uv": [10, 2.25, 10.25, 2.5], "texture": "#boat"}
			}
		},
		{
			"name": "bottom",
			"from": [11, -4, -11],
			"to": [12, 3, -5],
			"rotation": {"angle": 22.5, "axis": "x", "origin": [11, -2, -8]},
			"faces": {
				"north": {"uv": [8.625, 0, 8.75, 0.875], "rotation": 180, "texture": "#boat"},
				"east": {"uv": [8.75, 0.875, 9.625, 1.625], "rotation": 90, "texture": "#boat"},
				"south": {"uv": [8.75, 0, 8.875, 0.875], "texture": "#boat"},
				"west": {"uv": [7.75, 0.875, 8.625, 1.625], "rotation": 270, "texture": "#boat"},
				"up": {"uv": [8.75, 0, 8.875, 0.875], "texture": "#boat"},
				"down": {"uv": [9.625, 0.875, 9.75, 1.625], "rotation": 180, "texture": "#boat"}
			}
		},
		{
			"name": "binding",
			"from": [12, -2, -8],
			"to": [13, 3, -6],
			"rotation": {"angle": 22.5, "axis": "x", "origin": [11, -2, -8]},
			"faces": {
				"north": {"uv": [8.625, 0, 8.75, 0.625], "texture": "#boat"},
				"east": {"uv": [7.75, 2.25, 8.375, 2.5], "rotation": 90, "texture": "#boat"},
				"south": {"uv": [8.75, 0, 8.875, 0.625], "texture": "#boat"},
				"down": {"uv": [8.625, 0, 8.875, 0.875], "texture": "#boat"}
			}
		},
		{
			"name": "arm",
			"from": [11, 3, 22],
			"to": [13, 16, 24],
			"rotation": {"angle": -22.5, "axis": "x", "origin": [13, -2, 24]},
			"faces": {
				"north": {"uv": [10, 2.5, 10.25, 4.125], "texture": "#boat"},
				"east": {"uv": [10.5, 4.75, 12.125, 5], "rotation": 90, "texture": "#boat"},
				"south": {"uv": [10.25, 2.5, 10.5, 4.125], "texture": "#boat"},
				"west": {"uv": [8.375, 4.75, 10, 5], "rotation": 90, "texture": "#boat"},
				"up": {"uv": [12.5, 4.75, 12.75, 5], "texture": "#boat"}
			}
		},
		{
			"name": "bottom",
			"from": [11, -4, 21],
			"to": [12, 3, 27],
			"rotation": {"angle": -22.5, "axis": "x", "origin": [13, -2, 24]},
			"faces": {
				"north": {"uv": [8.75, 2.5, 8.875, 3.375], "texture": "#boat"},
				"east": {"uv": [7.75, 3.375, 8.625, 4.125], "rotation": 270, "texture": "#boat"},
				"south": {"uv": [8.625, 2.5, 8.75, 3.375], "rotation": 180, "texture": "#boat"},
				"west": {"uv": [8.75, 3.375, 9.625, 4.125], "rotation": 90, "texture": "#boat"},
				"up": {"uv": [8.75, 2.5, 8.875, 3.375], "rotation": 180, "texture": "#boat"},
				"down": {"uv": [9.625, 3.375, 9.75, 4.125], "texture": "#boat"}
			}
		},
		{
			"name": "binding",
			"from": [12, -2, 22],
			"to": [13, 3, 24],
			"rotation": {"angle": -22.5, "axis": "x", "origin": [13, -2, 24]},
			"faces": {
				"north": {"uv": [8.75, 2.625, 8.875, 3.25], "texture": "#boat"},
				"east": {"uv": [12.125, 2.25, 12.75, 2.5], "rotation": 90, "texture": "#boat"},
				"south": {"uv": [8.625, 2.625, 8.75, 3.25], "texture": "#boat"},
				"down": {"uv": [8.625, 3.25, 8.875, 3.375], "rotation": 180, "texture": "#boat"}
			}
		},
		{
			"name": "latch",
			"from": [6.25, 8, 6.75],
			"to": [7.25, 12, 8.75],
			"rotation": {"angle": 0, "axis": "y", "origin": [0, 9.75, 7.75]},
			"faces": {
				"north": {"uv": [0.375, 7.5, 0.5, 8], "texture": "#boat"},
				"east": {"uv": [0.125, 7.5, 0.375, 8], "texture": "#boat"},
				"south": {"uv": [0, 7.5, 0.125, 8], "texture": "#boat"},
				"west": {"uv": [0.5, 7.5, 0.75, 8], "texture": "#boat"},
				"up": {"uv": [0.375, 7.5, 0.125, 7.375], "rotation": 270, "texture": "#boat"},
				"down": {"uv": [0.375, 7.375, 0.625, 7.5], "rotation": 90, "texture": "#boat"}
			}
		},
		{
			"name": "lid",
			"from": [-5.75, 10, 1.75],
			"to": [6.25, 15, 13.75],
			"rotation": {"angle": 0, "axis": "y", "origin": [0, 9.75, 7.75]},
			"faces": {
				"north": {"uv": [3, 8.875, 4.5, 9.5], "texture": "#boat"},
				"east": {"uv": [1.5, 8.875, 3, 9.5], "texture": "#boat"},
				"south": {"uv": [0, 8.875, 1.5, 9.5], "texture": "#boat"},
				"west": {"uv": [4.5, 8.875, 6, 9.5], "texture": "#boat"},
				"up": {"uv": [1.5, 7.375, 3, 8.875], "rotation": 270, "texture": "#boat"},
				"down": {"uv": [3, 7.375, 4.5, 8.875], "rotation": 90, "texture": "#boat"}
			}
		},
		{
			"name": "base",
			"from": [-5.75, 3, 1.75],
			"to": [6.25, 11, 13.75],
			"rotation": {"angle": 0, "axis": "y", "origin": [0, 9.75, 7.75]},
			"faces": {
				"north": {"uv": [3, 11, 4.5, 12], "texture": "#boat"},
				"east": {"uv": [1.5, 11, 3, 12], "texture": "#boat"},
				"south": {"uv": [0, 11, 1.5, 12], "texture": "#boat"},
				"west": {"uv": [4.5, 11, 6, 12], "texture": "#boat"},
				"up": {"uv": [1.5, 9.5, 3, 11], "rotation": 270, "texture": "#boat"},
				"down": {"uv": [3, 9.5, 4.5, 11], "rotation": 90, "texture": "#boat"}
			}
		}
	],
	"groups": [
		{
			"name": "chest_boat",
			"origin": [8, 8, 8],
			"color": 0,
			"children": [
				0,
				1,
				2,
				3,
				4,
				{
					"name": "paddles",
					"origin": [8, 8, 8],
					"color": 0,
					"children": [
						{
							"name": "north",
							"origin": [8, 8, 8],
							"color": 0,
							"children": [5, 6, 7]
						},
						{
							"name": "south",
							"origin": [8, 8, 8],
							"color": 0,
							"children": [8, 9, 10]
						}
					]
				},
				{
					"name": "chest",
					"origin": [8, 8, 8],
					"color": 0,
					"children": [11, 12, 13]
				}
			]
		}
	]
}